"Path","Platform","Compiled","Cooked","Permutations","Compiletime","CompiledDouble","CookedDouble"
"/SpeedTreeImporter/SpeedTree9/SpeedTreeBillboardMaster.SpeedTreeBillboardMaster","0","0","32","1","0.000000","0","0"
"/Landmass/Landscape/BlueprintBrushes/Materials/Internal/BrushBounds.BrushBounds","0","0","5","1","0.000000","0","0"
"/SpeedTreeImporter/SpeedTree9/SpeedTreeMaster.SpeedTreeMaster","0","0","32","1","0.000000","0","0"
"/InterchangeAssets/gltf/M_ClearCoat.M_ClearCoat","0","0","136","6","0.000000","0","0"
"/InterchangeAssets/gltf/M_Default.M_Default","0","0","204","6","0.000000","0","0"
"/InterchangeAssets/gltf/M_Sheen.M_Sheen","0","0","120","6","0.000000","0","0"
"/InterchangeAssets/gltf/M_Transmission.M_Transmission","0","0","36","2","0.000000","0","0"
"/InterchangeAssets/gltf/M_SpecularGlossiness.M_SpecularGlossiness","0","0","120","6","0.000000","0","0"
"/Engine/EngineMaterials/Widget3DPassThrough.Widget3DPassThrough","0","0","50","6","0.000000","0","5"
"/Engine/EditorLandscapeResources/LandscapeLayerUsageMaterial.LandscapeLayerUsageMaterial","0","0","2","1","0.000000","0","0"
"/InterchangeAssets/gltf/M_Unlit.M_Unlit","0","0","100","6","0.000000","0","0"
"/Game/Animations/Mannequins/Materials/M_Mannequin.M_Mannequin","0","0","32","1","0.000000","0","0"
"/Landmass/Landscape/BlueprintBrushes/Materials/Sprite/M_BrushSprite_01.M_BrushSprite_01","0","0","15","1","0.000000","0","0"
"/Engine/EditorLandscapeResources/MaskBrushMaterial.MaskBrushMaterial","0","0","5","1","0.000000","0","5"
"/Engine/VREditor/SnapGrid/SnapGridMaterial.SnapGridMaterial","0","0","14","1","0.000000","0","0"
"/Game/Materials/SHD_items.SHD_items","0","0","3","1","0.000000","0","0"
"/Game/Materials/SHD_player.SHD_player","0","0","6","1","0.000000","0","0"
"/Paper2D/DefaultSpriteMaterial.DefaultSpriteMaterial","0","0","42","2","0.000000","0","0"
"/Engine/EditorLandscapeResources/SelectBrushMaterial.SelectBrushMaterial","0","0","10","2","0.000000","0","0"
"/Game/Materials/SHD_enemy.SHD_enemy","0","0","6","1","0.000000","0","0"
"/Game/Materials/SHD_gun.SHD_gun","0","0","3","1","0.000000","0","0"
"/Engine/EngineMaterials/DefaultTextMaterialOpaque.DefaultTextMaterialOpaque","0","0","15","1","0.000000","0","0"
"/Engine/EditorMaterials/PreviewShadowIndicatorMaterial.PreviewShadowIndicatorMaterial","0","0","25","1","0.000000","0","0"
"/Engine/EngineMaterials/DefaultMaterial.DefaultMaterial","0","0","24","1","0.000000","0","0"
"/Engine/EngineMaterials/DefaultDeferredDecalMaterial.DefaultDeferredDecalMaterial","0","0","75","1","0.000000","0","0"
"/Engine/EngineMaterials/DefaultPostProcessMaterial.DefaultPostProcessMaterial","0","0","31","1","0.000000","0","0"
"/Engine/EngineDebugMaterials/M_VolumeRenderSphereTracePP.M_VolumeRenderSphereTracePP","0","0","5","1","0.000000","0","0"
"/Engine/EngineMaterials/WorldGridMaterial.WorldGridMaterial","0","0","736","1","0.000000","0","0"
"/HairStrands/Materials/HairDebugMaterial.HairDebugMaterial","0","0","63","1","0.000000","0","0"
"/Engine/VREditor/TransformGizmo/TransformGizmoMaterial.TransformGizmoMaterial","0","0","2","1","0.000000","0","0"
"/ControlRig/M_Manip.M_Manip","0","0","9","1","0.000000","0","0"
"/Engine/EngineMaterials/PhAT_JointLimitMaterial.PhAT_JointLimitMaterial","0","0","9","1","0.000000","0","0"
"/Engine/EditorLandscapeResources/LayerVisMaterial.LayerVisMaterial","0","0","2","1","0.000000","0","0"
"/Engine/EditorLandscapeResources/ColorMaskBrushMaterial.ColorMaskBrushMaterial","0","0","5","1","0.000000","0","0"
"/Engine/EditorLandscapeResources/LandscapeDirtyMaterial.LandscapeDirtyMaterial","0","0","5","1","0.000000","0","0"
"/Engine/EngineMaterials/EmissiveMeshMaterial.EmissiveMeshMaterial","0","0","14","1","0.000000","0","0"
"/Engine/EngineMaterials/M_InvalidLightmapSettings.M_InvalidLightmapSettings","0","0","6","1","0.000000","0","0"
"/Engine/EngineMaterials/FlattenMaterial.FlattenMaterial","0","0","9","1","0.000000","0","0"
"/Engine/EngineMaterials/FlattenMaterial_VT.FlattenMaterial_VT","0","0","6","1","0.000000","0","0"
"/Engine/EngineMaterials/FlattenMaterial_WS_Normal_VT.FlattenMaterial_WS_Normal_VT","0","0","6","1","0.000000","0","0"
"/Game/Pack_Simple_Particle_Burst/00_Materials/00_MM_Deafult_Sprtie.00_MM_Deafult_Sprtie","0","0","10","1","0.000000","0","0"
"/Engine/EngineMaterials/PPM_DefaultCalibrationColor.PPM_DefaultCalibrationColor","0","0","5","1","0.000000","0","0"
"/Engine/EngineMaterials/PPM_DefaultCalibrationGrayscale.PPM_DefaultCalibrationGrayscale","0","0","5","1","0.000000","0","0"
"/Engine/EngineMaterials/DefaultLightFunctionMaterial.DefaultLightFunctionMaterial","0","0","37","1","0.000000","0","0"
"/Engine/EngineMaterials/GizmoMaterial.GizmoMaterial","0","0","6","1","0.000000","0","0"
"/Engine/EngineDebugMaterials/M_SimpleUnlitTranslucent.M_SimpleUnlitTranslucent","0","0","5","1","0.000000","0","0"
"/Engine/VREditor/TransformGizmo/Main.Main","0","0","5","1","0.000000","0","0"
"/Engine/VREditor/TransformGizmo/Xray.Xray","0","0","3","1","0.000000","0","0"
"/Engine/EditorMaterials/Camera/CineMat.CineMat","0","0","6","1","0.000000","0","0"
"/Engine/EditorLandscapeResources/SplineEditorMeshMat.SplineEditorMeshMat","0","0","12","1","0.000000","0","0"
"/CameraCalibrationCore/Materials/M_DefaultOddSquare.M_DefaultOddSquare","0","0","4","1","0.000000","0","0"
"/CameraCalibrationCore/Materials/M_DefaultEvenSquare.M_DefaultEvenSquare","0","0","4","1","0.000000","0","0"
"/HairStrands/Materials/HairDefaultMaterial.HairDefaultMaterial","0","0","36","1","0.000000","0","0"
"/HairStrands/Materials/HairCardsDefaultMaterial.HairCardsDefaultMaterial","0","0","63","1","0.000000","0","0"
"/HairStrands/Materials/HairMeshesDefaultMaterial.HairMeshesDefaultMaterial","0","0","36","1","0.000000","0","0"
"/Engine/VREditor/TransformGizmo/TranslucentTransformGizmoMaterial.TranslucentTransformGizmoMaterial","0","0","5","1","0.000000","0","0"
"/ControlRig/Controls/ControlRigXRayMaterial.ControlRigXRayMaterial","0","0","9","1","0.000000","0","0"
"/Engine/BasicShapes/BasicShapeMaterial.BasicShapeMaterial","0","0","9","1","0.000000","0","0"
"/Engine/EditorMaterials/Dataflow/DataflowVertexMaterial.DataflowVertexMaterial","0","0","6","1","0.000000","0","0"
"/Engine/EditorMaterials/Dataflow/DataflowTwoSidedVertexMaterial.DataflowTwoSidedVertexMaterial","0","0","7","1","0.000000","0","0"
"/Engine/EditorMaterials/Dataflow/DataflowTwoSidedVertexMaterial.SculptMaterial","0","0","7","1","0.000000","0","0"
"/Engine/EngineMaterials/NaniteHiddenSectionMaterial.NaniteHiddenSectionMaterial","0","0","14","1","0.000000","0","0"
"/Engine/EngineMaterials/RemoveSurfaceMaterial.RemoveSurfaceMaterial","0","0","2","1","0.000000","0","0"
"/Engine/EngineDebugMaterials/DebugMeshMaterial.DebugMeshMaterial","0","0","7","1","0.000000","0","0"
"/SpeedTreeImporter/SpeedTree9/SpeedTreeBillboardMaster.SpeedTreeBillboardMaster","49","0","48","1","0.000000","0","0"
"/Landmass/Landscape/BlueprintBrushes/Materials/Internal/BrushBounds.BrushBounds","49","0","10","1","0.000000","0","0"
"/SpeedTreeImporter/SpeedTree9/SpeedTreeMaster.SpeedTreeMaster","49","0","48","1","0.000000","0","0"
"/InterchangeAssets/gltf/M_ClearCoat.M_ClearCoat","49","0","184","6","0.000000","0","0"
"/InterchangeAssets/gltf/M_Default.M_Default","49","0","292","6","0.000000","0","0"
"/InterchangeAssets/gltf/M_Sheen.M_Sheen","49","0","168","6","0.000000","0","0"
"/InterchangeAssets/gltf/M_Transmission.M_Transmission","49","0","54","2","0.000000","0","0"
"/InterchangeAssets/gltf/M_SpecularGlossiness.M_SpecularGlossiness","49","0","168","6","0.000000","0","0"
"/Engine/EngineMaterials/Widget3DPassThrough.Widget3DPassThrough","49","0","86","6","0.000000","0","10"
"/Engine/EditorLandscapeResources/LandscapeLayerUsageMaterial.LandscapeLayerUsageMaterial","49","0","7","1","0.000000","0","0"
"/InterchangeAssets/gltf/M_Unlit.M_Unlit","49","0","264","6","0.000000","0","0"
"/Game/Animations/Mannequins/Materials/M_Mannequin.M_Mannequin","49","0","42","1","0.000000","0","0"
"/Landmass/Landscape/BlueprintBrushes/Materials/Sprite/M_BrushSprite_01.M_BrushSprite_01","49","0","23","1","0.000000","0","0"
"/Engine/EditorLandscapeResources/MaskBrushMaterial.MaskBrushMaterial","49","0","10","1","0.000000","0","10"
"/Engine/VREditor/SnapGrid/SnapGridMaterial.SnapGridMaterial","49","0","22","1","0.000000","0","0"
"/Game/Materials/SHD_items.SHD_items","49","0","13","1","0.000000","0","0"
"/Game/Materials/SHD_player.SHD_player","49","0","16","1","0.000000","0","0"
"/Paper2D/DefaultSpriteMaterial.DefaultSpriteMaterial","49","0","64","2","0.000000","0","0"
"/Engine/EditorLandscapeResources/SelectBrushMaterial.SelectBrushMaterial","49","0","20","2","0.000000","0","0"
"/Game/Materials/SHD_enemy.SHD_enemy","49","0","11","1","0.000000","0","0"
"/Game/Materials/SHD_gun.SHD_gun","49","0","13","1","0.000000","0","0"
"/Engine/EngineMaterials/DefaultTextMaterialOpaque.DefaultTextMaterialOpaque","49","0","23","1","0.000000","0","0"
"/Engine/EditorMaterials/PreviewShadowIndicatorMaterial.PreviewShadowIndicatorMaterial","49","0","66","1","0.000000","0","0"
"/Engine/EngineMaterials/DefaultMaterial.DefaultMaterial","49","0","45","1","0.000000","0","0"
"/Engine/EngineMaterials/DefaultDeferredDecalMaterial.DefaultDeferredDecalMaterial","49","0","80","1","0.000000","0","0"
"/Engine/EngineMaterials/DefaultPostProcessMaterial.DefaultPostProcessMaterial","49","0","32","1","0.000000","0","0"
"/Engine/EngineDebugMaterials/M_VolumeRenderSphereTracePP.M_VolumeRenderSphereTracePP","49","0","6","1","0.000000","0","0"
"/Engine/EngineMaterials/WorldGridMaterial.WorldGridMaterial","49","0","1964","1","0.000000","0","0"
"/HairStrands/Materials/HairDebugMaterial.HairDebugMaterial","49","0","79","1","0.000000","0","0"
"/Engine/VREditor/TransformGizmo/TransformGizmoMaterial.TransformGizmoMaterial","49","0","7","1","0.000000","0","0"
"/ControlRig/M_Manip.M_Manip","49","0","14","1","0.000000","0","0"
"/Engine/EngineMaterials/PhAT_JointLimitMaterial.PhAT_JointLimitMaterial","49","0","14","1","0.000000","0","0"
"/Engine/EditorLandscapeResources/LayerVisMaterial.LayerVisMaterial","49","0","7","1","0.000000","0","0"
"/Engine/EditorLandscapeResources/ColorMaskBrushMaterial.ColorMaskBrushMaterial","49","0","10","1","0.000000","0","0"
"/Engine/EditorLandscapeResources/LandscapeDirtyMaterial.LandscapeDirtyMaterial","49","0","10","1","0.000000","0","0"
"/Engine/EngineMaterials/EmissiveMeshMaterial.EmissiveMeshMaterial","49","0","21","1","0.000000","0","0"
"/Engine/EngineMaterials/M_InvalidLightmapSettings.M_InvalidLightmapSettings","49","0","16","1","0.000000","0","0"
"/Engine/EngineMaterials/FlattenMaterial.FlattenMaterial","49","0","22","1","0.000000","0","0"
"/Engine/EngineMaterials/FlattenMaterial_VT.FlattenMaterial_VT","49","0","16","1","0.000000","0","0"
"/Engine/EngineMaterials/FlattenMaterial_WS_Normal_VT.FlattenMaterial_WS_Normal_VT","49","0","16","1","0.000000","0","0"
"/Game/Pack_Simple_Particle_Burst/00_Materials/00_MM_Deafult_Sprtie.00_MM_Deafult_Sprtie","49","0","18","1","0.000000","0","0"
"/Engine/EngineMaterials/PPM_DefaultCalibrationColor.PPM_DefaultCalibrationColor","49","0","6","1","0.000000","0","0"
"/Engine/EngineMaterials/PPM_DefaultCalibrationGrayscale.PPM_DefaultCalibrationGrayscale","49","0","6","1","0.000000","0","0"
"/Engine/EngineMaterials/DefaultLightFunctionMaterial.DefaultLightFunctionMaterial","49","0","78","1","0.000000","0","0"
"/Engine/EngineMaterials/GizmoMaterial.GizmoMaterial","49","0","11","1","0.000000","0","0"
"/Engine/EngineDebugMaterials/M_SimpleUnlitTranslucent.M_SimpleUnlitTranslucent","49","0","10","1","0.000000","0","0"
"/Engine/VREditor/TransformGizmo/Main.Main","49","0","10","1","0.000000","0","0"
"/Engine/VREditor/TransformGizmo/Xray.Xray","49","0","8","1","0.000000","0","0"
"/Engine/EditorMaterials/Camera/CineMat.CineMat","49","0","14","1","0.000000","0","0"
"/Engine/EditorLandscapeResources/SplineEditorMeshMat.SplineEditorMeshMat","49","0","24","1","0.000000","0","0"
"/CameraCalibrationCore/Materials/M_DefaultOddSquare.M_DefaultOddSquare","49","0","9","1","0.000000","0","0"
"/CameraCalibrationCore/Materials/M_DefaultEvenSquare.M_DefaultEvenSquare","49","0","9","1","0.000000","0","0"
"/HairStrands/Materials/HairDefaultMaterial.HairDefaultMaterial","49","0","45","1","0.000000","0","0"
"/HairStrands/Materials/HairCardsDefaultMaterial.HairCardsDefaultMaterial","49","0","79","1","0.000000","0","0"
"/HairStrands/Materials/HairMeshesDefaultMaterial.HairMeshesDefaultMaterial","49","0","45","1","0.000000","0","0"
"/Engine/VREditor/TransformGizmo/TranslucentTransformGizmoMaterial.TranslucentTransformGizmoMaterial","49","0","10","1","0.000000","0","0"
"/ControlRig/Controls/ControlRigXRayMaterial.ControlRigXRayMaterial","49","0","14","1","0.000000","0","0"
"/Engine/BasicShapes/BasicShapeMaterial.BasicShapeMaterial","49","0","27","1","0.000000","0","0"
"/Engine/EditorMaterials/Dataflow/DataflowVertexMaterial.DataflowVertexMaterial","49","0","11","1","0.000000","0","0"
"/Engine/EditorMaterials/Dataflow/DataflowTwoSidedVertexMaterial.DataflowTwoSidedVertexMaterial","49","0","12","1","0.000000","0","0"
"/Engine/EditorMaterials/Dataflow/DataflowTwoSidedVertexMaterial.SculptMaterial","49","0","12","1","0.000000","0","0"
"/Engine/EngineMaterials/NaniteHiddenSectionMaterial.NaniteHiddenSectionMaterial","49","0","21","1","0.000000","0","0"
"/Engine/EngineMaterials/RemoveSurfaceMaterial.RemoveSurfaceMaterial","49","0","7","1","0.000000","0","0"
"/Engine/EngineDebugMaterials/DebugMeshMaterial.DebugMeshMaterial","49","0","12","1","0.000000","0","0"
